,Date,Frequency,,
0,YYYY-06-DD,2,,
1,YYYY-06-DD,1,,
2,YYYY-06-DD,0,,
3,YYYY-06-DD,1,,
4,YYYY-06-DD,0,,
5,YYYY-06-DD,0,,
6,YYYY-06-DD,0,,
7,YYYY-06-DD,0,,
8,YYYY-06-DD,0,,
9,YYYY-06-DD,0,,
10,YYYY-06-DD,0,,
11,YYYY-06-DD,1,,
12,YYYY-06-DD,4,,
13,YYYY-06-DD,0,,
14,YYYY-06-DD,0,,
15,YYYY-06-DD,0,,
16,YYYY-06-DD,0,,
17,YYYY-06-DD,0,,
18,YYYY-07-DD,0,,
19,YYYY-07-DD,0,,
20,YYYY-07-DD,0,,
21,YYYY-07-DD,0,,
22,YYYY-07-DD,0,,
23,YYYY-07-DD,0,,
24,YYYY-07-DD,0,,
25,YYYY-07-DD,0,,
26,YYYY-07-DD,1,,
27,YYYY-07-DD,0,,
28,YYYY-07-DD,0,,
29,YYYY-07-DD,0,,
30,YYYY-07-DD,0,,
31,YYYY-07-DD,0,,
32,YYYY-07-DD,0,,
33,YYYY-07-DD,0,,
34,YYYY-07-DD,0,,
35,YYYY-07-DD,0,,
36,YYYY-07-DD,0,,
37,YYYY-07-DD,0,,
38,YYYY-07-DD,2,,
39,YYYY-07-DD,0,,
40,YYYY-07-DD,0,,
41,YYYY-07-DD,0,,
42,YYYY-07-DD,0,,
43,YYYY-07-DD,1,,
44,YYYY-07-DD,0,,
45,YYYY-07-DD,0,,
46,YYYY-07-DD,0,,
47,YYYY-07-DD,0,,
48,YYYY-07-DD,2,,
49,YYYY-08-DD,0,,
50,YYYY-08-DD,0,,
51,YYYY-08-DD,0,,
52,YYYY-08-DD,0,,
53,YYYY-08-DD,0,,
54,YYYY-08-DD,0,,
55,YYYY-08-DD,0,,
56,YYYY-08-DD,0,,
57,YYYY-08-DD,0,,
58,YYYY-08-DD,0,,
59,YYYY-08-DD,0,,
60,YYYY-08-DD,0,,
61,YYYY-08-DD,0,,
62,YYYY-08-DD,1,,
63,YYYY-08-DD,0,,
64,YYYY-08-DD,0,,
65,YYYY-08-DD,0,,
66,YYYY-08-DD,0,,
67,YYYY-08-DD,0,,
68,YYYY-08-DD,0,,
69,YYYY-08-DD,0,,
70,YYYY-08-DD,0,,
71,YYYY-08-DD,0,,
72,YYYY-08-DD,0,,
73,YYYY-08-DD,0,,
74,YYYY-08-DD,0,,
75,YYYY-08-DD,0,,
76,YYYY-08-DD,0,,
77,YYYY-08-DD,0,,
78,YYYY-08-DD,0,,
79,YYYY-08-DD,1,,
80,YYYY-09-DD,0,,
81,YYYY-09-DD,0,,
82,YYYY-09-DD,0,,
83,YYYY-09-DD,0,,
84,YYYY-09-DD,0,,
85,YYYY-09-DD,0,,
86,YYYY-09-DD,0,,
87,YYYY-09-DD,0,,
88,YYYY-09-DD,0,,
89,YYYY-09-DD,0,,
90,YYYY-09-DD,0,,
91,YYYY-09-DD,0,,
92,YYYY-09-DD,0,,
93,YYYY-09-DD,0,,
94,YYYY-09-DD,0,,
95,YYYY-09-DD,0,,
96,YYYY-09-DD,1,,
97,YYYY-09-DD,0,,
98,YYYY-09-DD,0,,
99,YYYY-09-DD,0,,
100,YYYY-09-DD,3,,
101,YYYY-09-DD,0,,
102,YYYY-09-DD,0,,
103,YYYY-09-DD,2,,
104,YYYY-09-DD,0,,
105,YYYY-09-DD,0,,
106,YYYY-09-DD,0,,
107,YYYY-09-DD,0,,
108,YYYY-09-DD,0,,
109,YYYY-09-DD,0,,
110,YYYY-10-DD,0,,
111,YYYY-10-DD,0,,
112,YYYY-10-DD,0,,
113,YYYY-10-DD,0,,
114,YYYY-10-DD,0,,
115,YYYY-10-DD,0,,
116,YYYY-10-DD,1,,
117,YYYY-10-DD,0,,
118,YYYY-10-DD,0,,
119,YYYY-10-DD,0,,
120,YYYY-10-DD,0,,
121,YYYY-10-DD,0,,
122,YYYY-10-DD,0,,
123,YYYY-10-DD,0,,
124,YYYY-10-DD,0,,
125,YYYY-10-DD,0,,
126,YYYY-10-DD,1,,
127,YYYY-10-DD,0,,
128,YYYY-10-DD,1,,
129,YYYY-10-DD,0,,
130,YYYY-10-DD,1,,
131,YYYY-10-DD,0,,
132,YYYY-10-DD,0,,
133,YYYY-10-DD,0,,
134,YYYY-10-DD,0,,
135,YYYY-10-DD,0,,
136,YYYY-10-DD,0,,
137,YYYY-10-DD,1,,
138,YYYY-10-DD,0,,
139,YYYY-10-DD,0,,
140,YYYY-10-DD,1,,
141,YYYY-11-DD,0,,
142,YYYY-11-DD,0,,
143,YYYY-11-DD,0,,
144,YYYY-11-DD,0,,
145,YYYY-11-DD,0,,
146,YYYY-11-DD,0,,
147,YYYY-11-DD,0,,
148,YYYY-11-DD,0,,
149,YYYY-11-DD,0,,
150,YYYY-11-DD,0,,
151,YYYY-11-DD,0,,
152,YYYY-11-DD,0,,
153,YYYY-11-DD,1,,
154,YYYY-11-DD,2,,
155,YYYY-11-DD,0,,
156,YYYY-11-DD,0,,
157,YYYY-11-DD,0,,
158,YYYY-11-DD,0,,
159,YYYY-11-DD,0,,
160,YYYY-11-DD,0,,
161,YYYY-11-DD,0,,
162,YYYY-11-DD,0,,
163,YYYY-11-DD,2,,
164,YYYY-11-DD,0,,
165,YYYY-11-DD,0,,
166,YYYY-11-DD,0,,
167,YYYY-11-DD,0,,
168,YYYY-11-DD,0,,
169,YYYY-11-DD,0,,
170,YYYY-11-DD,0,,
171,YYYY-12-DD,0,,
172,YYYY-12-DD,0,,
173,YYYY-12-DD,0,,
174,YYYY-12-DD,1,,
175,YYYY-12-DD,0,,
176,YYYY-12-DD,0,,
177,YYYY-12-DD,0,,
178,YYYY-12-DD,0,,
179,YYYY-12-DD,1,,
180,YYYY-12-DD,0,,
181,YYYY-12-DD,0,,
182,YYYY-12-DD,0,,
183,YYYY-12-DD,0,,
184,YYYY-12-DD,0,,
185,YYYY-12-DD,2,,
186,YYYY-12-DD,0,,
187,YYYY-12-DD,3,,
188,YYYY-12-DD,0,,
189,YYYY-12-DD,0,,
190,YYYY-12-DD,2,,
191,YYYY-12-DD,0,,
192,YYYY-12-DD,1,,
193,YYYY-12-DD,0,,
194,YYYY-12-DD,0,,
195,YYYY-12-DD,0,,
196,YYYY-12-DD,0,,
197,YYYY-12-DD,0,,
198,YYYY-12-DD,0,,
199,YYYY-12-DD,2,,
200,YYYY-12-DD,2,,
201,YYYY-12-DD,5,,
202,YYYY-01-DD,0,,
203,YYYY-01-DD,0,,
204,YYYY-01-DD,1,,
205,YYYY-01-DD,1,,
206,YYYY-01-DD,0,,
207,YYYY-01-DD,2,,
208,YYYY-01-DD,2,,
209,YYYY-01-DD,0,,
210,YYYY-01-DD,0,,
211,YYYY-01-DD,0,,
212,YYYY-01-DD,0,,
213,YYYY-01-DD,0,,
214,YYYY-01-DD,1,,
215,YYYY-01-DD,0,,
216,YYYY-01-DD,1,,
217,YYYY-01-DD,0,,
218,YYYY-01-DD,0,,
219,YYYY-01-DD,0,,
220,YYYY-01-DD,1,,
221,YYYY-01-DD,1,,
222,YYYY-01-DD,0,,
223,YYYY-01-DD,0,,
224,YYYY-01-DD,0,,
225,YYYY-01-DD,0,,
226,YYYY-01-DD,0,,
227,YYYY-01-DD,0,,
228,YYYY-01-DD,0,,
229,YYYY-01-DD,0,,
230,YYYY-01-DD,0,,
231,YYYY-01-DD,1,,
232,YYYY-01-DD,0,,
233,YYYY-02-DD,0,,
234,YYYY-02-DD,0,,
235,YYYY-02-DD,0,,
236,YYYY-02-DD,0,,
237,YYYY-02-DD,2,,
238,YYYY-02-DD,0,,
239,YYYY-02-DD,0,,
240,YYYY-02-DD,0,,
241,YYYY-02-DD,0,,
242,YYYY-02-DD,0,,
243,YYYY-02-DD,0,,
244,YYYY-02-DD,0,,
245,YYYY-02-DD,0,,
246,YYYY-02-DD,0,,
247,YYYY-02-DD,0,,
248,YYYY-02-DD,0,,
249,YYYY-02-DD,2,,
250,YYYY-02-DD,1,,
251,YYYY-02-DD,0,,
252,YYYY-02-DD,1,,
253,YYYY-02-DD,0,,
254,YYYY-02-DD,0,,
255,YYYY-02-DD,0,,
256,YYYY-02-DD,0,,
257,YYYY-02-DD,0,,
258,YYYY-02-DD,0,,
259,YYYY-02-DD,0,,
260,YYYY-02-DD,0,,
261,YYYY-03-DD,0,,
262,YYYY-03-DD,0,,
263,YYYY-03-DD,0,,
264,YYYY-03-DD,0,,
265,YYYY-03-DD,0,,
266,YYYY-03-DD,0,,
267,YYYY-03-DD,0,,
268,YYYY-03-DD,0,,
269,YYYY-03-DD,1,,
270,YYYY-03-DD,0,,
271,YYYY-03-DD,0,,
272,YYYY-03-DD,0,,
273,YYYY-03-DD,0,,
274,YYYY-03-DD,0,,
275,YYYY-03-DD,0,,
276,YYYY-03-DD,0,,
277,YYYY-03-DD,0,,
278,YYYY-03-DD,0,,
279,YYYY-03-DD,0,,
280,YYYY-03-DD,0,,
281,YYYY-03-DD,0,,
282,YYYY-03-DD,1,,
283,YYYY-03-DD,0,,
284,YYYY-03-DD,0,,
285,YYYY-03-DD,0,,
286,YYYY-03-DD,0,,
287,YYYY-03-DD,1,,
288,YYYY-03-DD,1,,
289,YYYY-03-DD,0,,
290,YYYY-03-DD,2,,
291,YYYY-03-DD,3,,
292,YYYY-04-DD,1,,
293,YYYY-04-DD,0,,
294,YYYY-04-DD,2,,
295,YYYY-04-DD,0,,
296,YYYY-04-DD,0,,
297,YYYY-04-DD,1,,
298,YYYY-04-DD,0,,
299,YYYY-04-DD,0,,
300,YYYY-04-DD,0,,
301,YYYY-04-DD,0,,
302,YYYY-04-DD,1,,
303,YYYY-04-DD,0,,
304,YYYY-04-DD,0,,
305,YYYY-04-DD,0,,
306,YYYY-04-DD,0,,
307,YYYY-04-DD,0,,
308,YYYY-04-DD,0,,
309,YYYY-04-DD,0,,
310,YYYY-04-DD,0,,
311,YYYY-04-DD,0,,
312,YYYY-04-DD,0,,
313,YYYY-04-DD,0,,
314,YYYY-04-DD,0,,
315,YYYY-04-DD,0,,
316,YYYY-04-DD,0,,
317,YYYY-04-DD,0,,
318,YYYY-04-DD,0,,
319,YYYY-04-DD,0,,
320,YYYY-04-DD,0,,
321,YYYY-04-DD,0,,
322,YYYY-05-DD,0,,
323,YYYY-05-DD,0,,
324,YYYY-05-DD,0,,
325,YYYY-05-DD,0,,
326,YYYY-05-DD,1,,
327,YYYY-05-DD,0,,
328,YYYY-05-DD,0,,
329,YYYY-05-DD,0,,
330,YYYY-05-DD,0,,
331,YYYY-05-DD,0,,
332,YYYY-05-DD,0,,
333,YYYY-05-DD,0,,
334,YYYY-05-DD,0,,
335,YYYY-05-DD,0,,
336,YYYY-05-DD,0,,
337,YYYY-05-DD,0,,
338,YYYY-05-DD,0,,
339,YYYY-05-DD,1,,
340,YYYY-05-DD,0,,
341,YYYY-05-DD,0,,
342,YYYY-05-DD,0,,
343,YYYY-05-DD,0,,
344,YYYY-05-DD,0,,
345,YYYY-05-DD,0,,
346,YYYY-05-DD,2,,
347,YYYY-05-DD,0,,
348,YYYY-05-DD,0,,
349,YYYY-05-DD,0,,
350,YYYY-05-DD,0,,
351,YYYY-05-DD,0,,
352,YYYY-05-DD,0,,
353,YYYY-06-DD,1,,
354,YYYY-06-DD,3,,
355,YYYY-06-DD,0,,
356,YYYY-06-DD,0,,
357,YYYY-06-DD,1,,
358,YYYY-06-DD,0,,
359,YYYY-06-DD,0,,
360,YYYY-06-DD,0,,
361,YYYY-06-DD,2,,
362,YYYY-06-DD,0,,
363,YYYY-06-DD,0,,
364,YYYY-06-DD,1,,
365,YYYY-06-DD,1,,
366,YYYY-06-DD,0,,
367,YYYY-06-DD,0,,
368,YYYY-06-DD,0,,
369,YYYY-06-DD,1,,
370,YYYY-06-DD,0,,
371,YYYY-06-DD,0,,
372,YYYY-06-DD,0,,
373,YYYY-06-DD,0,,
374,YYYY-06-DD,0,,
375,YYYY-06-DD,1,,
376,YYYY-06-DD,0,,
377,YYYY-06-DD,0,,
378,YYYY-06-DD,0,,
379,YYYY-06-DD,0,,
380,YYYY-06-DD,0,,
381,YYYY-06-DD,0,,
382,YYYY-06-DD,0,,
383,YYYY-07-DD,0,,
384,YYYY-07-DD,0,,
385,YYYY-07-DD,0,,
386,YYYY-07-DD,0,,
387,YYYY-07-DD,0,,
388,YYYY-07-DD,0,,
389,YYYY-07-DD,0,,
390,YYYY-07-DD,0,,
391,YYYY-07-DD,0,,
392,YYYY-07-DD,0,,
393,YYYY-07-DD,0,,
394,YYYY-07-DD,0,,
395,YYYY-07-DD,0,,
396,YYYY-07-DD,0,,
397,YYYY-07-DD,0,,
398,YYYY-07-DD,0,,
399,YYYY-07-DD,0,,
400,YYYY-07-DD,1,,
401,YYYY-07-DD,0,,
402,YYYY-07-DD,0,,
403,YYYY-07-DD,0,,
404,YYYY-07-DD,1,,
405,YYYY-07-DD,0,,
406,YYYY-07-DD,0,,
407,YYYY-07-DD,0,,
408,YYYY-07-DD,0,,
409,YYYY-07-DD,0,,
410,YYYY-07-DD,0,,
411,YYYY-07-DD,0,,
412,YYYY-07-DD,1,,
413,YYYY-07-DD,0,,
414,YYYY-08-DD,0,,
415,YYYY-08-DD,0,,
416,YYYY-08-DD,0,,
417,YYYY-08-DD,0,,
418,YYYY-08-DD,0,,
419,YYYY-08-DD,0,,
420,YYYY-08-DD,1,,
421,YYYY-08-DD,2,,
422,YYYY-08-DD,0,,
423,YYYY-08-DD,0,,
424,YYYY-08-DD,0,,
425,YYYY-08-DD,0,,
426,YYYY-08-DD,0,,
427,YYYY-08-DD,1,,
428,YYYY-08-DD,0,,
429,YYYY-08-DD,1,,
430,YYYY-08-DD,0,,
431,YYYY-08-DD,0,,
432,YYYY-08-DD,0,,
433,YYYY-08-DD,1,,
434,YYYY-08-DD,2,,
435,YYYY-08-DD,1,,
436,YYYY-08-DD,0,,
437,YYYY-08-DD,0,,
438,YYYY-08-DD,0,,
439,YYYY-08-DD,0,,
440,YYYY-08-DD,0,,
441,YYYY-08-DD,0,,
442,YYYY-08-DD,0,,
443,YYYY-08-DD,0,,
444,YYYY-08-DD,0,,
445,YYYY-09-DD,0,,
446,YYYY-09-DD,0,,
447,YYYY-09-DD,0,,
448,YYYY-09-DD,0,,
449,YYYY-09-DD,0,,
450,YYYY-09-DD,0,,
451,YYYY-09-DD,0,,
452,YYYY-09-DD,0,,
453,YYYY-09-DD,0,,
454,YYYY-09-DD,1,,
455,YYYY-09-DD,0,,
456,YYYY-09-DD,0,,
457,YYYY-09-DD,0,,
458,YYYY-09-DD,0,,
459,YYYY-09-DD,0,,
460,YYYY-09-DD,0,,
461,YYYY-09-DD,0,,
462,YYYY-09-DD,1,,
463,YYYY-09-DD,0,,
464,YYYY-09-DD,0,,
465,YYYY-09-DD,0,,
466,YYYY-09-DD,0,,
467,YYYY-09-DD,0,,
468,YYYY-09-DD,0,,
469,YYYY-09-DD,0,,
470,YYYY-09-DD,0,,
471,YYYY-09-DD,0,,
472,YYYY-09-DD,0,,
473,YYYY-09-DD,1,,
474,YYYY-09-DD,0,,
475,YYYY-10-DD,0,,
476,YYYY-10-DD,0,,
477,YYYY-10-DD,0,,
478,YYYY-10-DD,0,,
479,YYYY-10-DD,0,,
480,YYYY-10-DD,0,,
481,YYYY-10-DD,0,,
482,YYYY-10-DD,0,,
483,YYYY-10-DD,0,,
484,YYYY-10-DD,0,,
485,YYYY-10-DD,0,,
486,YYYY-10-DD,0,,
487,YYYY-10-DD,0,,
488,YYYY-10-DD,0,,
489,YYYY-10-DD,2,,
490,YYYY-10-DD,0,,
491,YYYY-10-DD,0,,
492,YYYY-10-DD,0,,
493,YYYY-10-DD,0,,
494,YYYY-10-DD,0,,
495,YYYY-10-DD,0,,
496,YYYY-10-DD,0,,
497,YYYY-10-DD,0,,
498,YYYY-10-DD,0,,
499,YYYY-10-DD,0,,
500,YYYY-10-DD,0,,
501,YYYY-10-DD,0,,
502,YYYY-10-DD,0,,
503,YYYY-10-DD,0,,
504,YYYY-10-DD,0,,
505,YYYY-10-DD,0,,
506,YYYY-11-DD,0,,
507,YYYY-11-DD,0,,
508,YYYY-11-DD,0,,
509,YYYY-11-DD,0,,
510,YYYY-11-DD,2,,
511,YYYY-11-DD,2,,
512,YYYY-11-DD,0,,
513,YYYY-11-DD,2,,
514,YYYY-11-DD,0,,
515,YYYY-11-DD,0,,
516,YYYY-11-DD,2,,
517,YYYY-11-DD,0,,
518,YYYY-11-DD,0,,
519,YYYY-11-DD,0,,
520,YYYY-11-DD,0,,
521,YYYY-11-DD,0,,
522,YYYY-11-DD,0,,
523,YYYY-11-DD,0,,
524,YYYY-11-DD,4,,
525,YYYY-11-DD,0,,
526,YYYY-11-DD,0,,
527,YYYY-11-DD,0,,
528,YYYY-11-DD,0,,
529,YYYY-11-DD,0,,
530,YYYY-11-DD,0,,
531,YYYY-11-DD,0,,
532,YYYY-11-DD,0,,
533,YYYY-11-DD,2,,
534,YYYY-11-DD,1,,
535,YYYY-11-DD,0,,
536,YYYY-12-DD,0,,
537,YYYY-12-DD,1,,
538,YYYY-12-DD,1,,
539,YYYY-12-DD,1,,
540,YYYY-12-DD,0,,
541,YYYY-12-DD,0,,
542,YYYY-12-DD,0,,
543,YYYY-12-DD,0,,
544,YYYY-12-DD,0,,
545,YYYY-12-DD,0,,
546,YYYY-12-DD,0,,
547,YYYY-12-DD,0,,
548,YYYY-12-DD,0,,
549,YYYY-12-DD,0,,
550,YYYY-12-DD,0,,
551,YYYY-12-DD,0,,
552,YYYY-12-DD,1,,
553,YYYY-12-DD,0,,
554,YYYY-12-DD,0,,
555,YYYY-12-DD,0,,
556,YYYY-12-DD,0,,
557,YYYY-12-DD,0,,
558,YYYY-12-DD,0,,
559,YYYY-12-DD,0,,
560,YYYY-12-DD,2,,
561,YYYY-12-DD,0,,
562,YYYY-12-DD,0,,
563,YYYY-12-DD,1,,
564,YYYY-12-DD,0,,
565,YYYY-12-DD,0,,
566,YYYY-12-DD,0,,
567,YYYY-01-DD,0,,
568,YYYY-01-DD,0,,
569,YYYY-01-DD,0,,
570,YYYY-01-DD,0,,
571,YYYY-01-DD,1,,
572,YYYY-01-DD,0,,
573,YYYY-01-DD,6,,
574,YYYY-01-DD,0,,
575,YYYY-01-DD,0,,
576,YYYY-01-DD,1,,
577,YYYY-01-DD,0,,
578,YYYY-01-DD,2,,
579,YYYY-01-DD,0,,
580,YYYY-01-DD,0,,
581,YYYY-01-DD,0,,
582,YYYY-01-DD,0,,
583,YYYY-01-DD,0,,
584,YYYY-01-DD,1,,
585,YYYY-01-DD,1,,
586,YYYY-01-DD,2,,
587,YYYY-01-DD,0,,
588,YYYY-01-DD,0,,
589,YYYY-01-DD,0,,
590,YYYY-01-DD,2,,
591,YYYY-01-DD,0,,
592,YYYY-01-DD,0,,
593,YYYY-01-DD,0,,
594,YYYY-01-DD,0,,
595,YYYY-01-DD,0,,
596,YYYY-01-DD,2,,
597,YYYY-01-DD,1,,
598,YYYY-02-DD,0,,
599,YYYY-02-DD,0,,
600,YYYY-02-DD,0,,
601,YYYY-02-DD,0,,
602,YYYY-02-DD,1,,
603,YYYY-02-DD,0,,
604,YYYY-02-DD,0,,
605,YYYY-02-DD,0,,
606,YYYY-02-DD,0,,
607,YYYY-02-DD,0,,
608,YYYY-02-DD,0,,
609,YYYY-02-DD,0,,
610,YYYY-02-DD,2,,
611,YYYY-02-DD,0,,
612,YYYY-02-DD,1,,
613,YYYY-02-DD,0,,
614,YYYY-02-DD,2,,
615,YYYY-02-DD,0,,
616,YYYY-02-DD,0,,
617,YYYY-02-DD,0,,
618,YYYY-02-DD,0,,
619,YYYY-02-DD,0,,
620,YYYY-02-DD,0,,
621,YYYY-02-DD,0,,
622,YYYY-02-DD,2,,
623,YYYY-02-DD,1,,
624,YYYY-02-DD,0,,
625,YYYY-02-DD,0,,
626,YYYY-03-DD,0,,
627,YYYY-03-DD,0,,
628,YYYY-03-DD,2,,
629,YYYY-03-DD,0,,
630,YYYY-03-DD,1,,
631,YYYY-03-DD,0,,
632,YYYY-03-DD,0,,
633,YYYY-03-DD,0,,
634,YYYY-03-DD,0,,
635,YYYY-03-DD,1,,
636,YYYY-03-DD,0,,
637,YYYY-03-DD,0,,
638,YYYY-03-DD,2,,
639,YYYY-03-DD,0,,
640,YYYY-03-DD,0,,
641,YYYY-03-DD,1,,
642,YYYY-03-DD,0,,
643,YYYY-03-DD,0,,
644,YYYY-03-DD,0,,
645,YYYY-03-DD,0,,
646,YYYY-03-DD,0,,
647,YYYY-03-DD,1,,
648,YYYY-03-DD,1,,
649,YYYY-03-DD,0,,
650,YYYY-03-DD,0,,
651,YYYY-03-DD,0,,
652,YYYY-03-DD,0,,
653,YYYY-03-DD,1,,
654,YYYY-03-DD,0,,
655,YYYY-03-DD,0,,
656,YYYY-03-DD,0,,
657,YYYY-04-DD,2,,
658,YYYY-04-DD,1,,
659,YYYY-04-DD,0,,
660,YYYY-04-DD,0,,
661,YYYY-04-DD,0,,
662,YYYY-04-DD,0,,
663,YYYY-04-DD,0,,
664,YYYY-04-DD,0,,
665,YYYY-04-DD,0,,
666,YYYY-04-DD,0,,
667,YYYY-04-DD,0,,
668,YYYY-04-DD,0,,
669,YYYY-04-DD,0,,
670,YYYY-04-DD,0,,
671,YYYY-04-DD,0,,
672,YYYY-04-DD,0,,
673,YYYY-04-DD,0,,
674,YYYY-04-DD,0,,
675,YYYY-04-DD,0,,
676,YYYY-04-DD,0,,
677,YYYY-04-DD,0,,
678,YYYY-04-DD,0,,
679,YYYY-04-DD,0,,
680,YYYY-04-DD,1,,
681,YYYY-04-DD,0,,
682,YYYY-04-DD,0,,
683,YYYY-04-DD,1,,
684,YYYY-04-DD,1,,
685,YYYY-04-DD,0,,
686,YYYY-04-DD,0,,
687,YYYY-05-DD,0,,
688,YYYY-05-DD,0,,
689,YYYY-05-DD,0,,
690,YYYY-05-DD,0,,
691,YYYY-05-DD,2,,
692,YYYY-05-DD,0,,
693,YYYY-05-DD,1,,
694,YYYY-05-DD,0,,
695,YYYY-05-DD,0,,
696,YYYY-05-DD,0,,
697,YYYY-05-DD,0,,
698,YYYY-05-DD,0,,
699,YYYY-05-DD,0,,
700,YYYY-05-DD,1,,
701,YYYY-05-DD,0,,
702,YYYY-05-DD,0,,
703,YYYY-05-DD,0,,
704,YYYY-05-DD,0,,
705,YYYY-05-DD,0,,
706,YYYY-05-DD,2,,
707,YYYY-05-DD,0,,
708,YYYY-05-DD,0,,
709,YYYY-05-DD,2,,
710,YYYY-05-DD,2,,
711,YYYY-05-DD,0,,
712,YYYY-05-DD,0,,
713,YYYY-05-DD,0,,
714,YYYY-05-DD,0,,
715,YYYY-05-DD,0,,
716,YYYY-05-DD,0,,
717,YYYY-05-DD,0,,
718,YYYY-06-DD,0,,
719,YYYY-06-DD,0,,
720,YYYY-06-DD,0,,
721,YYYY-06-DD,0,,
722,YYYY-06-DD,0,,
723,YYYY-06-DD,0,,
724,YYYY-06-DD,0,,
725,YYYY-06-DD,0,,
726,YYYY-06-DD,0,,
727,YYYY-06-DD,0,,
728,YYYY-06-DD,0,,
729,YYYY-06-DD,1,,
730,YYYY-06-DD,0,,
731,YYYY-06-DD,0,,
732,YYYY-06-DD,0,,
733,YYYY-06-DD,1,,
734,YYYY-06-DD,1,,
735,YYYY-06-DD,0,,
736,YYYY-06-DD,0,,
737,YYYY-06-DD,1,,
738,YYYY-06-DD,0,,
739,YYYY-06-DD,0,,
740,YYYY-06-DD,0,,
741,YYYY-06-DD,0,,
742,YYYY-06-DD,0,,
743,YYYY-06-DD,0,,
744,YYYY-06-DD,0,,
745,YYYY-06-DD,1,,
746,YYYY-06-DD,0,,
747,YYYY-06-DD,1,,
748,YYYY-07-DD,0,,
749,YYYY-07-DD,3,,
750,YYYY-07-DD,1,,
751,YYYY-07-DD,0,,
752,YYYY-07-DD,0,,
753,YYYY-07-DD,0,,
754,YYYY-07-DD,0,,
755,YYYY-07-DD,2,,
756,YYYY-07-DD,0,,
757,YYYY-07-DD,0,,
758,YYYY-07-DD,0,,
759,YYYY-07-DD,0,,
760,YYYY-07-DD,0,,
761,YYYY-07-DD,0,,
762,YYYY-07-DD,0,,
763,YYYY-07-DD,0,,
764,YYYY-07-DD,0,,
765,YYYY-07-DD,0,,
766,YYYY-07-DD,0,,
767,YYYY-07-DD,0,,
768,YYYY-07-DD,0,,
769,YYYY-07-DD,0,,
770,YYYY-07-DD,0,,
771,YYYY-07-DD,1,,
772,YYYY-07-DD,0,,
773,YYYY-07-DD,0,,
774,YYYY-07-DD,0,,
775,YYYY-07-DD,0,,
776,YYYY-07-DD,0,,
777,YYYY-07-DD,0,,
778,YYYY-07-DD,0,,
779,YYYY-08-DD,2,,
780,YYYY-08-DD,0,,
781,YYYY-08-DD,0,,
782,YYYY-08-DD,1,,
783,YYYY-08-DD,0,,
784,YYYY-08-DD,0,,
785,YYYY-08-DD,0,,
786,YYYY-08-DD,0,,
787,YYYY-08-DD,0,,
788,YYYY-08-DD,0,,
789,YYYY-08-DD,0,,
790,YYYY-08-DD,0,,
791,YYYY-08-DD,0,,
792,YYYY-08-DD,0,,
793,YYYY-08-DD,0,,
794,YYYY-08-DD,1,,
795,YYYY-08-DD,0,,
796,YYYY-08-DD,0,,
797,YYYY-08-DD,0,,
798,YYYY-08-DD,0,,
799,YYYY-08-DD,1,,
800,YYYY-08-DD,0,,
801,YYYY-08-DD,0,,
802,YYYY-08-DD,6,,
803,YYYY-08-DD,0,,
804,YYYY-08-DD,1,,
805,YYYY-08-DD,0,,
806,YYYY-08-DD,0,,
807,YYYY-08-DD,1,,
808,YYYY-08-DD,0,,
809,YYYY-08-DD,0,,
810,YYYY-09-DD,1,,
811,YYYY-09-DD,0,,
812,YYYY-09-DD,0,,
813,YYYY-09-DD,0,,
814,YYYY-09-DD,0,,
815,YYYY-09-DD,0,,
816,YYYY-09-DD,0,,
817,YYYY-09-DD,0,,
818,YYYY-09-DD,1,,
819,YYYY-09-DD,0,,
820,YYYY-09-DD,1,,
821,YYYY-09-DD,3,,
822,YYYY-09-DD,1,,
823,YYYY-09-DD,0,,
824,YYYY-09-DD,0,,
825,YYYY-09-DD,0,,
826,YYYY-09-DD,0,,
827,YYYY-09-DD,0,,
828,YYYY-09-DD,0,,
829,YYYY-09-DD,0,,
830,YYYY-09-DD,0,,
831,YYYY-09-DD,0,,
832,YYYY-09-DD,0,,
833,YYYY-09-DD,1,,
834,YYYY-09-DD,2,,
835,YYYY-09-DD,0,,
836,YYYY-09-DD,0,,
837,YYYY-09-DD,0,,
838,YYYY-09-DD,0,,
839,YYYY-09-DD,0,,
840,YYYY-10-DD,0,,
841,YYYY-10-DD,0,,
842,YYYY-10-DD,0,,
843,YYYY-10-DD,1,,
844,YYYY-10-DD,0,,
845,YYYY-10-DD,0,,
846,YYYY-10-DD,1,,
847,YYYY-10-DD,0,,
848,YYYY-10-DD,0,,
849,YYYY-10-DD,0,,
850,YYYY-10-DD,0,,
851,YYYY-10-DD,1,,
852,YYYY-10-DD,0,,
853,YYYY-10-DD,0,,
854,YYYY-10-DD,0,,
855,YYYY-10-DD,0,,
856,YYYY-10-DD,0,,
857,YYYY-10-DD,0,,
858,YYYY-10-DD,0,,
859,YYYY-10-DD,0,,
860,YYYY-10-DD,0,,
861,YYYY-10-DD,0,,
862,YYYY-10-DD,0,,
863,YYYY-10-DD,0,,
864,YYYY-10-DD,0,,
865,YYYY-10-DD,0,,
866,YYYY-10-DD,1,,
867,YYYY-10-DD,0,,
868,YYYY-10-DD,3,,
869,YYYY-10-DD,0,,
870,YYYY-10-DD,0,,
871,YYYY-11-DD,0,,
872,YYYY-11-DD,0,,
873,YYYY-11-DD,0,,
874,YYYY-11-DD,1,,
875,YYYY-11-DD,1,,
876,YYYY-11-DD,1,,
877,YYYY-11-DD,0,,
878,YYYY-11-DD,0,,
879,YYYY-11-DD,0,,
880,YYYY-11-DD,0,,
881,YYYY-11-DD,2,,
882,YYYY-11-DD,1,,
883,YYYY-11-DD,0,,
884,YYYY-11-DD,0,,
885,YYYY-11-DD,1,,
886,YYYY-11-DD,0,,
887,YYYY-11-DD,1,,
888,YYYY-11-DD,0,,
889,YYYY-11-DD,0,,
890,YYYY-11-DD,0,,
891,YYYY-11-DD,1,,
892,YYYY-11-DD,0,,
893,YYYY-11-DD,0,,
894,YYYY-11-DD,0,,
895,YYYY-11-DD,0,,
896,YYYY-11-DD,0,,
897,YYYY-11-DD,3,,
898,YYYY-11-DD,3,,
899,YYYY-11-DD,2,,
900,YYYY-11-DD,0,,
901,YYYY-12-DD,1,,
902,YYYY-12-DD,2,,
903,YYYY-12-DD,2,,
904,YYYY-12-DD,1,,
905,YYYY-12-DD,2,,
906,YYYY-12-DD,3,,
907,YYYY-12-DD,1,,
908,YYYY-12-DD,4,,
909,YYYY-12-DD,0,,
910,YYYY-12-DD,0,,
911,YYYY-12-DD,1,,
912,YYYY-12-DD,0,,
913,YYYY-12-DD,1,,
914,YYYY-12-DD,2,,
915,YYYY-12-DD,0,,
916,YYYY-12-DD,3,,
917,YYYY-12-DD,2,,
918,YYYY-12-DD,2,,
919,YYYY-12-DD,2,,
920,YYYY-12-DD,5,,
921,YYYY-12-DD,2,,
922,YYYY-12-DD,3,,
923,YYYY-12-DD,1,,
924,YYYY-12-DD,3,,
925,YYYY-12-DD,1,,
926,YYYY-12-DD,4,,
927,YYYY-12-DD,0,,
928,YYYY-12-DD,1,,
929,YYYY-12-DD,4,,
930,YYYY-12-DD,1,,
931,YYYY-12-DD,4,,
932,YYYY-01-DD,2,,
933,YYYY-01-DD,0,,
934,YYYY-01-DD,3,,
935,YYYY-01-DD,0,,
936,YYYY-01-DD,0,,
937,YYYY-01-DD,1,,
938,YYYY-01-DD,0,,
939,YYYY-01-DD,0,,
940,YYYY-01-DD,1,,
941,YYYY-01-DD,0,,
942,YYYY-01-DD,1,,
943,YYYY-01-DD,0,,
944,YYYY-01-DD,0,,
945,YYYY-01-DD,0,,
946,YYYY-01-DD,0,,
947,YYYY-01-DD,1,,
948,YYYY-01-DD,0,,
949,YYYY-01-DD,4,,
950,YYYY-01-DD,0,,
951,YYYY-01-DD,0,,
952,YYYY-01-DD,3,,
953,YYYY-01-DD,2,,
954,YYYY-01-DD,1,,
955,YYYY-01-DD,1,,
956,YYYY-01-DD,0,,
957,YYYY-01-DD,4,,
958,YYYY-01-DD,0,,
959,YYYY-01-DD,0,,
960,YYYY-01-DD,0,,
961,YYYY-01-DD,1,,
962,YYYY-01-DD,0,,
963,YYYY-02-DD,0,,
964,YYYY-02-DD,1,,
965,YYYY-02-DD,2,,
966,YYYY-02-DD,0,,
967,YYYY-02-DD,0,,
968,YYYY-02-DD,3,,
969,YYYY-02-DD,0,,
970,YYYY-02-DD,0,,
971,YYYY-02-DD,1,,
972,YYYY-02-DD,0,,
973,YYYY-02-DD,0,,
974,YYYY-02-DD,0,,
975,YYYY-02-DD,1,,
976,YYYY-02-DD,1,,
977,YYYY-02-DD,0,,
978,YYYY-02-DD,0,,
979,YYYY-02-DD,2,,
980,YYYY-02-DD,2,,
981,YYYY-02-DD,1,,
982,YYYY-02-DD,0,,
983,YYYY-02-DD,1,,
984,YYYY-02-DD,1,,
985,YYYY-02-DD,0,,
986,YYYY-02-DD,0,,
987,YYYY-02-DD,0,,
988,YYYY-02-DD,0,,
989,YYYY-02-DD,0,,
990,YYYY-02-DD,0,,
991,YYYY-02-DD,1,,
992,YYYY-03-DD,1,,
993,YYYY-03-DD,0,,
994,YYYY-03-DD,0,,
995,YYYY-03-DD,1,,
996,YYYY-03-DD,0,,
997,YYYY-03-DD,0,,
998,YYYY-03-DD,1,,
999,YYYY-03-DD,2,,
1000,YYYY-03-DD,0,,
1001,YYYY-03-DD,0,,
1002,YYYY-03-DD,0,,
1003,YYYY-03-DD,0,,
1004,YYYY-03-DD,1,,
1005,YYYY-03-DD,2,,
1006,YYYY-03-DD,0,,
1007,YYYY-03-DD,1,,
1008,YYYY-03-DD,1,,
1009,YYYY-03-DD,0,,
1010,YYYY-03-DD,1,,
1011,YYYY-03-DD,1,,
1012,YYYY-03-DD,1,,
1013,YYYY-03-DD,1,,
1014,YYYY-03-DD,1,,
1015,YYYY-03-DD,1,,
1016,YYYY-03-DD,0,,
1017,YYYY-03-DD,0,,
1018,YYYY-03-DD,0,,
1019,YYYY-03-DD,0,,
1020,YYYY-03-DD,0,,
1021,YYYY-03-DD,0,,
1022,YYYY-03-DD,1,,
1023,YYYY-04-DD,0,,
1024,YYYY-04-DD,1,,
1025,YYYY-04-DD,1,,
1026,YYYY-04-DD,0,,
1027,YYYY-04-DD,0,,
1028,YYYY-04-DD,2,,
1029,YYYY-04-DD,3,,
1030,YYYY-04-DD,0,,
1031,YYYY-04-DD,1,,
1032,YYYY-04-DD,1,,
1033,YYYY-04-DD,1,,
1034,YYYY-04-DD,0,,
1035,YYYY-04-DD,1,,
1036,YYYY-04-DD,0,,
1037,YYYY-04-DD,0,,
1038,YYYY-04-DD,0,,
1039,YYYY-04-DD,0,,
1040,YYYY-04-DD,2,,
1041,YYYY-04-DD,0,,
1042,YYYY-04-DD,0,,
1043,YYYY-04-DD,1,,
1044,YYYY-04-DD,3,,
1045,YYYY-04-DD,2,,
1046,YYYY-04-DD,0,,
1047,YYYY-04-DD,0,,
1048,YYYY-04-DD,2,,
1049,YYYY-04-DD,0,,
1050,YYYY-04-DD,1,,
1051,YYYY-04-DD,0,,
1052,YYYY-04-DD,2,,
1053,YYYY-05-DD,2,,
1054,YYYY-05-DD,1,,
1055,YYYY-05-DD,1,,
1056,YYYY-05-DD,1,,
1057,YYYY-05-DD,2,,
1058,YYYY-05-DD,2,,
1059,YYYY-05-DD,2,,
1060,YYYY-05-DD,2,,
1061,YYYY-05-DD,0,,
1062,YYYY-05-DD,0,,
1063,YYYY-05-DD,0,,
1064,YYYY-05-DD,3,,
1065,YYYY-05-DD,1,,
1066,YYYY-05-DD,4,,
1067,YYYY-05-DD,3,,
1068,YYYY-05-DD,0,,
1069,YYYY-05-DD,0,,
1070,YYYY-05-DD,0,,
1071,YYYY-05-DD,3,,
1072,YYYY-05-DD,4,,
1073,YYYY-05-DD,4,,
1074,YYYY-05-DD,0,,
1075,YYYY-05-DD,0,,
1076,YYYY-05-DD,0,,
1077,YYYY-05-DD,2,,
1078,YYYY-05-DD,1,,
1079,YYYY-05-DD,1,,
1080,YYYY-05-DD,3,,
1081,YYYY-05-DD,2,,
1082,YYYY-05-DD,0,,
1083,YYYY-05-DD,0,,
1084,YYYY-06-DD,0,,
1085,YYYY-06-DD,2,,
1086,YYYY-06-DD,0,,
1087,YYYY-06-DD,2,,
1088,YYYY-06-DD,1,,
1089,YYYY-06-DD,0,,
1090,YYYY-06-DD,5,,
1091,YYYY-06-DD,3,,
1092,YYYY-06-DD,2,,
1093,YYYY-06-DD,0,,
1094,YYYY-06-DD,0,,
1095,YYYY-06-DD,1,,
1096,YYYY-06-DD,0,,
1097,YYYY-06-DD,2,,
1098,YYYY-06-DD,1,,
1099,YYYY-06-DD,0,,
1100,YYYY-06-DD,3,,
1101,YYYY-06-DD,3,,
1102,YYYY-06-DD,1,,
1103,YYYY-06-DD,5,,
1104,YYYY-06-DD,1,,
1105,YYYY-06-DD,2,,
1106,YYYY-06-DD,1,,
1107,YYYY-06-DD,2,,
1108,YYYY-06-DD,0,,
1109,YYYY-06-DD,2,,
1110,YYYY-06-DD,2,,
1111,YYYY-06-DD,0,,
1112,YYYY-06-DD,3,,
1113,YYYY-06-DD,1,,
1114,YYYY-07-DD,5,,
1115,YYYY-07-DD,3,,
1116,YYYY-07-DD,1,,
1117,YYYY-07-DD,0,,
1118,YYYY-07-DD,0,,
1119,YYYY-07-DD,0,,
1120,YYYY-07-DD,1,,
1121,YYYY-07-DD,0,,
1122,YYYY-07-DD,0,,
1123,YYYY-07-DD,4,,
1124,YYYY-07-DD,2,,
1125,YYYY-07-DD,0,,
1126,YYYY-07-DD,1,,
1127,YYYY-07-DD,6,,
1128,YYYY-07-DD,2,,
1129,YYYY-07-DD,4,,
1130,YYYY-07-DD,3,,
1131,YYYY-07-DD,1,,
1132,YYYY-07-DD,4,,
1133,YYYY-07-DD,0,,
1134,YYYY-07-DD,0,,
1135,YYYY-07-DD,0,,
1136,YYYY-07-DD,2,,
1137,YYYY-07-DD,1,,
1138,YYYY-07-DD,0,,
1139,YYYY-07-DD,0,,
1140,YYYY-07-DD,0,,
1141,YYYY-07-DD,0,,
1142,YYYY-07-DD,1,,
1143,YYYY-07-DD,4,,
1144,YYYY-07-DD,1,,
1145,YYYY-08-DD,0,,
1146,YYYY-08-DD,1,,
1147,YYYY-08-DD,0,,
1148,YYYY-08-DD,2,,
1149,YYYY-08-DD,2,,
1150,YYYY-08-DD,1,,
1151,YYYY-08-DD,0,,
1152,YYYY-08-DD,0,,
1153,YYYY-08-DD,0,,
1154,YYYY-08-DD,1,,
1155,YYYY-08-DD,0,,
1156,YYYY-08-DD,0,,
1157,YYYY-08-DD,1,,
1158,YYYY-08-DD,1,,
1159,YYYY-08-DD,2,,
1160,YYYY-08-DD,1,,
1161,YYYY-08-DD,1,,
1162,YYYY-08-DD,0,,
1163,YYYY-08-DD,0,,
1164,YYYY-08-DD,1,,
1165,YYYY-08-DD,0,,
1166,YYYY-08-DD,0,,
1167,YYYY-08-DD,0,,
1168,YYYY-08-DD,0,,
1169,YYYY-08-DD,0,,
1170,YYYY-08-DD,1,,
1171,YYYY-08-DD,0,,
1172,YYYY-08-DD,2,,
1173,YYYY-08-DD,3,,
1174,YYYY-08-DD,3,,
1175,YYYY-08-DD,4,,
1176,YYYY-09-DD,1,,
1177,YYYY-09-DD,0,,
1178,YYYY-09-DD,1,,
1179,YYYY-09-DD,1,,
1180,YYYY-09-DD,0,,
1181,YYYY-09-DD,0,,
1182,YYYY-09-DD,0,,
1183,YYYY-09-DD,0,,
1184,YYYY-09-DD,0,,
1185,YYYY-09-DD,1,,
1186,YYYY-09-DD,5,,
1187,YYYY-09-DD,0,,
1188,YYYY-09-DD,0,,
1189,YYYY-09-DD,0,,
1190,YYYY-09-DD,0,,
1191,YYYY-09-DD,0,,
1192,YYYY-09-DD,0,,
1193,YYYY-09-DD,1,,
1194,YYYY-09-DD,0,,
1195,YYYY-09-DD,0,,
1196,YYYY-09-DD,0,,
1197,YYYY-09-DD,0,,
1198,YYYY-09-DD,0,,
1199,YYYY-09-DD,0,,
1200,YYYY-09-DD,0,,
1201,YYYY-09-DD,1,,
1202,YYYY-09-DD,0,,
1203,YYYY-09-DD,0,,
1204,YYYY-09-DD,0,,
1205,YYYY-09-DD,1,,
1206,YYYY-10-DD,1,,
1207,YYYY-10-DD,0,,
1208,YYYY-10-DD,1,,
1209,YYYY-10-DD,1,,
1210,YYYY-10-DD,1,,
1211,YYYY-10-DD,0,,
1212,YYYY-10-DD,0,,
1213,YYYY-10-DD,1,,
1214,YYYY-10-DD,0,,
1215,YYYY-10-DD,0,,
1216,YYYY-10-DD,1,,
1217,YYYY-10-DD,2,,
1218,YYYY-10-DD,2,,
1219,YYYY-10-DD,0,,
1220,YYYY-10-DD,3,,
1221,YYYY-10-DD,0,,
1222,YYYY-10-DD,0,,
1223,YYYY-10-DD,1,,
1224,YYYY-10-DD,3,,
1225,YYYY-10-DD,0,,
1226,YYYY-10-DD,2,,
1227,YYYY-10-DD,2,,
1228,YYYY-10-DD,0,,
1229,YYYY-10-DD,0,,
1230,YYYY-10-DD,1,,
1231,YYYY-10-DD,1,,
1232,YYYY-10-DD,0,,
1233,YYYY-10-DD,2,,
1234,YYYY-10-DD,0,,
1235,YYYY-10-DD,0,,
1236,YYYY-10-DD,0,,
1237,YYYY-11-DD,1,,
1238,YYYY-11-DD,0,,
1239,YYYY-11-DD,1,,
1240,YYYY-11-DD,0,,
1241,YYYY-11-DD,0,,
1242,YYYY-11-DD,3,,
1243,YYYY-11-DD,0,,
1244,YYYY-11-DD,0,,
1245,YYYY-11-DD,2,,
1246,YYYY-11-DD,0,,
1247,YYYY-11-DD,1,,
1248,YYYY-11-DD,1,,
1249,YYYY-11-DD,0,,
1250,YYYY-11-DD,0,,
1251,YYYY-11-DD,0,,
1252,YYYY-11-DD,0,,
1253,YYYY-11-DD,0,,
1254,YYYY-11-DD,0,,
1255,YYYY-11-DD,1,,
1256,YYYY-11-DD,0,,
1257,YYYY-11-DD,0,,
1258,YYYY-11-DD,0,,
1259,YYYY-11-DD,0,,
1260,YYYY-11-DD,1,,
1261,YYYY-11-DD,1,,
1262,YYYY-11-DD,1,,
1263,YYYY-11-DD,1,,
1264,YYYY-11-DD,3,,
1265,YYYY-11-DD,0,,
1266,YYYY-11-DD,1,,
1267,YYYY-12-DD,0,,
1268,YYYY-12-DD,3,,
1269,YYYY-12-DD,0,,
1270,YYYY-12-DD,1,,
1271,YYYY-12-DD,1,,
1272,YYYY-12-DD,2,,
1273,YYYY-12-DD,0,,
1274,YYYY-12-DD,1,,
1275,YYYY-12-DD,0,,
1276,YYYY-12-DD,0,,
1277,YYYY-12-DD,0,,
1278,YYYY-12-DD,0,,
1279,YYYY-12-DD,0,,
1280,YYYY-12-DD,0,,
1281,YYYY-12-DD,1,,
1282,YYYY-12-DD,0,,
1283,YYYY-12-DD,0,,
1284,YYYY-12-DD,0,,
1285,YYYY-12-DD,0,,
1286,YYYY-12-DD,0,,
1287,YYYY-12-DD,0,,
1288,YYYY-12-DD,2,,
1289,YYYY-12-DD,1,,
1290,YYYY-12-DD,1,,
1291,YYYY-12-DD,1,,
1292,YYYY-12-DD,0,,
1293,YYYY-12-DD,0,,
1294,YYYY-12-DD,0,,
1295,YYYY-12-DD,0,,
1296,YYYY-12-DD,0,,
1297,YYYY-12-DD,0,,
1298,YYYY-01-DD,0,,
1299,YYYY-01-DD,0,,
1300,YYYY-01-DD,0,,
1301,YYYY-01-DD,0,,
1302,YYYY-01-DD,0,,
1303,YYYY-01-DD,1,,
1304,YYYY-01-DD,0,,
1305,YYYY-01-DD,0,,
1306,YYYY-01-DD,1,,
1307,YYYY-01-DD,0,,
1308,YYYY-01-DD,0,,
1309,YYYY-01-DD,0,,
1310,YYYY-01-DD,1,,
1311,YYYY-01-DD,0,,
1312,YYYY-01-DD,0,,
1313,YYYY-01-DD,0,,
1314,YYYY-01-DD,0,,
1315,YYYY-01-DD,0,,
1316,YYYY-01-DD,0,,
1317,YYYY-01-DD,1,,
1318,YYYY-01-DD,0,,
1319,YYYY-01-DD,0,,
1320,YYYY-01-DD,0,,
1321,YYYY-01-DD,1,,
1322,YYYY-01-DD,0,,
1323,YYYY-01-DD,1,,
1324,YYYY-01-DD,2,,
1325,YYYY-01-DD,0,,
1326,YYYY-01-DD,1,,
1327,YYYY-01-DD,1,,
1328,YYYY-01-DD,0,,
1329,YYYY-02-DD,0,,
1330,YYYY-02-DD,0,,
1331,YYYY-02-DD,1,,
1332,YYYY-02-DD,0,,
1333,YYYY-02-DD,0,,
1334,YYYY-02-DD,1,,
1335,YYYY-02-DD,2,,
1336,YYYY-02-DD,0,,
1337,YYYY-02-DD,0,,
1338,YYYY-02-DD,1,,
1339,YYYY-02-DD,0,,
1340,YYYY-02-DD,0,,
1341,YYYY-02-DD,2,,
1342,YYYY-02-DD,1,,
1343,YYYY-02-DD,0,,
1344,YYYY-02-DD,0,,
1345,YYYY-02-DD,0,,
1346,YYYY-02-DD,1,,
1347,YYYY-02-DD,0,,
1348,YYYY-02-DD,0,,
1349,YYYY-02-DD,0,,
1350,YYYY-02-DD,0,,
1351,YYYY-02-DD,2,,
1352,YYYY-02-DD,2,,
1353,YYYY-02-DD,0,,
1354,YYYY-02-DD,0,,
1355,YYYY-02-DD,0,,
1356,YYYY-02-DD,3,,
1357,YYYY-03-DD,2,,
1358,YYYY-03-DD,1,,
1359,YYYY-03-DD,0,,
1360,YYYY-03-DD,1,,
1361,YYYY-03-DD,0,,
1362,YYYY-03-DD,2,,
1363,YYYY-03-DD,0,,
1364,YYYY-03-DD,3,,
1365,YYYY-03-DD,1,,
1366,YYYY-03-DD,1,,
1367,YYYY-03-DD,0,,
1368,YYYY-03-DD,1,,
1369,YYYY-03-DD,0,,
1370,YYYY-03-DD,0,,
1371,YYYY-03-DD,0,,
1372,YYYY-03-DD,0,,
1373,YYYY-03-DD,1,,
1374,YYYY-03-DD,2,,
1375,YYYY-03-DD,0,,
1376,YYYY-03-DD,1,,
1377,YYYY-03-DD,2,,
1378,YYYY-03-DD,0,,
1379,YYYY-03-DD,0,,
1380,YYYY-03-DD,0,,
1381,YYYY-03-DD,1,,
1382,YYYY-03-DD,1,,
1383,YYYY-03-DD,2,,
1384,YYYY-03-DD,0,,
1385,YYYY-03-DD,2,,
1386,YYYY-03-DD,2,,
1387,YYYY-03-DD,1,,
1388,YYYY-04-DD,4,,
1389,YYYY-04-DD,2,,
1390,YYYY-04-DD,3,,
1391,YYYY-04-DD,1,,
1392,YYYY-04-DD,2,,
1393,YYYY-04-DD,0,,
1394,YYYY-04-DD,0,,
1395,YYYY-04-DD,2,,
1396,YYYY-04-DD,2,,
1397,YYYY-04-DD,0,,
1398,YYYY-04-DD,0,,
1399,YYYY-04-DD,0,,
1400,YYYY-04-DD,4,,
1401,YYYY-04-DD,2,,
1402,YYYY-04-DD,2,,
1403,YYYY-04-DD,1,,
1404,YYYY-04-DD,1,,
1405,YYYY-04-DD,0,,
1406,YYYY-04-DD,0,,
1407,YYYY-04-DD,0,,
1408,YYYY-04-DD,3,,
1409,YYYY-04-DD,3,,
1410,YYYY-04-DD,10,,
1411,YYYY-04-DD,3,,
1412,YYYY-04-DD,0,,
1413,YYYY-04-DD,0,,
1414,YYYY-04-DD,3,,
1415,YYYY-04-DD,6,,
1416,YYYY-04-DD,0,,
1417,YYYY-04-DD,3,,
1418,YYYY-05-DD,0,,
1419,YYYY-05-DD,1,,
1420,YYYY-05-DD,2,,
1421,YYYY-05-DD,1,,
1422,YYYY-05-DD,4,,
1423,YYYY-05-DD,2,,
1424,YYYY-05-DD,13,,
1425,YYYY-05-DD,0,,
1426,YYYY-05-DD,2,,
1427,YYYY-05-DD,8,,
1428,YYYY-05-DD,2,,
1429,YYYY-05-DD,0,,
1430,YYYY-05-DD,3,,
1431,YYYY-05-DD,3,,
1432,YYYY-05-DD,0,,
1433,YYYY-05-DD,0,,
1434,YYYY-05-DD,1,,
1435,YYYY-05-DD,0,,
1436,YYYY-05-DD,1,,
1437,YYYY-05-DD,2,,
1438,YYYY-05-DD,4,,
1439,YYYY-05-DD,12,,
1440,YYYY-05-DD,1,,
1441,YYYY-05-DD,2,,
1442,YYYY-05-DD,1,,
1443,YYYY-05-DD,2,,
1444,YYYY-05-DD,0,,
1445,YYYY-05-DD,2,,
1446,YYYY-05-DD,0,,
1447,YYYY-05-DD,2,,
1448,YYYY-05-DD,2,,
1449,YYYY-06-DD,0,,
1450,YYYY-06-DD,0,,
1451,YYYY-06-DD,2,,
1452,YYYY-06-DD,1,,
1453,YYYY-06-DD,0,,
1454,YYYY-06-DD,0,,
1455,YYYY-06-DD,2,,
1456,YYYY-06-DD,1,,
1457,YYYY-06-DD,1,,
1458,YYYY-06-DD,0,,
1459,YYYY-06-DD,0,,
1460,YYYY-06-DD,2,,
1461,YYYY-06-DD,2,,
1462,YYYY-06-DD,0,,
1463,YYYY-06-DD,3,,
1464,YYYY-06-DD,2,,
1465,YYYY-06-DD,0,,
1466,YYYY-06-DD,6,,
1467,YYYY-06-DD,0,,
1468,YYYY-06-DD,2,,
1469,YYYY-06-DD,5,,
1470,YYYY-06-DD,3,,
1471,YYYY-06-DD,0,,
1472,YYYY-06-DD,5,,
1473,YYYY-06-DD,3,,
1474,YYYY-06-DD,1,,
1475,YYYY-06-DD,6,,
1476,YYYY-06-DD,2,,
1477,YYYY-06-DD,3,,
1478,YYYY-06-DD,4,,
1479,YYYY-07-DD,1,,
1480,YYYY-07-DD,5,,
1481,YYYY-07-DD,1,,
1482,YYYY-07-DD,9,,
1483,YYYY-07-DD,3,,
1484,YYYY-07-DD,0,,
1485,YYYY-07-DD,1,,
1486,YYYY-07-DD,0,,
1487,YYYY-07-DD,8,,
1488,YYYY-07-DD,5,,
1489,YYYY-07-DD,3,,
1490,YYYY-07-DD,4,,
1491,YYYY-07-DD,1,,
1492,YYYY-07-DD,1,,
1493,YYYY-07-DD,0,,
1494,YYYY-07-DD,1,,
1495,YYYY-07-DD,1,,
1496,YYYY-07-DD,1,,
1497,YYYY-07-DD,0,,
1498,YYYY-07-DD,1,,
1499,YYYY-07-DD,6,,
1500,YYYY-07-DD,0,,
1501,YYYY-07-DD,1,,
1502,YYYY-07-DD,3,,
1503,YYYY-07-DD,7,,
1504,YYYY-07-DD,4,,
1505,YYYY-07-DD,0,,
1506,YYYY-07-DD,5,,
1507,YYYY-07-DD,4,,
1508,YYYY-07-DD,3,,
1509,YYYY-07-DD,2,,
1510,YYYY-08-DD,6,,
1511,YYYY-08-DD,1,,
1512,YYYY-08-DD,1,,
1513,YYYY-08-DD,0,,
1514,YYYY-08-DD,0,,
1515,YYYY-08-DD,1,,
1516,YYYY-08-DD,2,,
1517,YYYY-08-DD,0,,
1518,YYYY-08-DD,2,,
1519,YYYY-08-DD,0,,
1520,YYYY-08-DD,1,,
1521,YYYY-08-DD,0,,
1522,YYYY-08-DD,0,,
1523,YYYY-08-DD,3,,
1524,YYYY-08-DD,0,,
1525,YYYY-08-DD,2,,
1526,YYYY-08-DD,3,,
1527,YYYY-08-DD,2,,
1528,YYYY-08-DD,0,,
1529,YYYY-08-DD,1,,
1530,YYYY-08-DD,3,,
1531,YYYY-08-DD,4,,
1532,YYYY-08-DD,1,,
1533,YYYY-08-DD,1,,
1534,YYYY-08-DD,1,,
1535,YYYY-08-DD,2,,
1536,YYYY-08-DD,4,,
1537,YYYY-08-DD,1,,
1538,YYYY-08-DD,0,,
1539,YYYY-08-DD,1,,
1540,YYYY-08-DD,11,,
1541,YYYY-09-DD,2,,
1542,YYYY-09-DD,1,,
1543,YYYY-09-DD,1,,
1544,YYYY-09-DD,1,,
1545,YYYY-09-DD,1,,
1546,YYYY-09-DD,1,,
1547,YYYY-09-DD,0,,
1548,YYYY-09-DD,1,,
1549,YYYY-09-DD,0,,
1550,YYYY-09-DD,1,,
1551,YYYY-09-DD,7,,
1552,YYYY-09-DD,1,,
1553,YYYY-09-DD,1,,
1554,YYYY-09-DD,0,,
1555,YYYY-09-DD,1,,
1556,YYYY-09-DD,1,,
1557,YYYY-09-DD,1,,
1558,YYYY-09-DD,5,,
1559,YYYY-09-DD,3,,
1560,YYYY-09-DD,9,,
1561,YYYY-09-DD,9,,
1562,YYYY-09-DD,7,,
1563,YYYY-09-DD,12,,
1564,YYYY-09-DD,1,,
1565,YYYY-09-DD,4,,
1566,YYYY-09-DD,10,,
1567,YYYY-09-DD,5,,
1568,YYYY-09-DD,6,,
1569,YYYY-09-DD,0,,
1570,YYYY-09-DD,2,,
1571,YYYY-10-DD,0,,
1572,YYYY-10-DD,1,,
1573,YYYY-10-DD,2,,
1574,YYYY-10-DD,3,,
1575,YYYY-10-DD,2,,
1576,YYYY-10-DD,0,,
1577,YYYY-10-DD,2,,
1578,YYYY-10-DD,5,,
1579,YYYY-10-DD,0,,
1580,YYYY-10-DD,3,,
1581,YYYY-10-DD,0,,
1582,YYYY-10-DD,7,,
1583,YYYY-10-DD,6,,
1584,YYYY-10-DD,2,,
1585,YYYY-10-DD,7,,
1586,YYYY-10-DD,2,,
1587,YYYY-10-DD,6,,
1588,YYYY-10-DD,1,,
1589,YYYY-10-DD,5,,
1590,YYYY-10-DD,1,,
1591,YYYY-10-DD,1,,
1592,YYYY-10-DD,3,,
1593,YYYY-10-DD,0,,
1594,YYYY-10-DD,1,,
1595,YYYY-10-DD,0,,
1596,YYYY-10-DD,3,,
1597,YYYY-10-DD,1,,
1598,YYYY-10-DD,0,,
1599,YYYY-10-DD,1,,
1600,YYYY-10-DD,0,,
1601,YYYY-10-DD,3,,
1602,YYYY-11-DD,5,,
1603,YYYY-11-DD,5,,
1604,YYYY-11-DD,3,,
1605,YYYY-11-DD,13,,
1606,YYYY-11-DD,1,,
1607,YYYY-11-DD,1,,
1608,YYYY-11-DD,3,,
1609,YYYY-11-DD,4,,
1610,YYYY-11-DD,1,,
1611,YYYY-11-DD,3,,
1612,YYYY-11-DD,3,,
1613,YYYY-11-DD,2,,
1614,YYYY-11-DD,6,,
1615,YYYY-11-DD,7,,
1616,YYYY-11-DD,4,,
1617,YYYY-11-DD,2,,
1618,YYYY-11-DD,9,,
1619,YYYY-11-DD,2,,
1620,YYYY-11-DD,5,,
1621,YYYY-11-DD,19,,
1622,YYYY-11-DD,8,,
1623,YYYY-11-DD,2,,
1624,YYYY-11-DD,2,,
1625,YYYY-11-DD,6,,
1626,YYYY-11-DD,1,,
1627,YYYY-11-DD,2,,
1628,YYYY-11-DD,5,,
1629,YYYY-11-DD,2,,
1630,YYYY-11-DD,9,,
1631,YYYY-11-DD,0,,
1632,YYYY-12-DD,11,,
1633,YYYY-12-DD,4,,
1634,YYYY-12-DD,6,,
1635,YYYY-12-DD,4,,
1636,YYYY-12-DD,2,,
1637,YYYY-12-DD,3,,
1638,YYYY-12-DD,3,,
1639,YYYY-12-DD,4,,
1640,YYYY-12-DD,1,,
1641,YYYY-12-DD,2,,
1642,YYYY-12-DD,1,,
1643,YYYY-12-DD,6,,
1644,YYYY-12-DD,5,,
1645,YYYY-12-DD,1,,
1646,YYYY-12-DD,6,,
1647,YYYY-12-DD,1,,
1648,YYYY-12-DD,2,,
1649,YYYY-12-DD,2,,
1650,YYYY-12-DD,3,,
1651,YYYY-12-DD,0,,
1652,YYYY-12-DD,0,,
1653,YYYY-12-DD,0,,
1654,YYYY-12-DD,2,,
1655,YYYY-12-DD,6,,
1656,YYYY-12-DD,5,,
1657,YYYY-12-DD,2,,
1658,YYYY-12-DD,5,,
1659,YYYY-12-DD,1,,
1660,YYYY-12-DD,12,,
1661,YYYY-12-DD,11,,
1662,YYYY-12-DD,6,,
1663,YYYY-01-DD,4,,
1664,YYYY-01-DD,11,,
1665,YYYY-01-DD,1,,
1666,YYYY-01-DD,2,,
1667,YYYY-01-DD,1,,
1668,YYYY-01-DD,1,,
1669,YYYY-01-DD,4,,
1670,YYYY-01-DD,1,,
1671,YYYY-01-DD,2,,
1672,YYYY-01-DD,5,,
1673,YYYY-01-DD,8,,
1674,YYYY-01-DD,0,,
1675,YYYY-01-DD,7,,
1676,YYYY-01-DD,4,,
1677,YYYY-01-DD,3,,
1678,YYYY-01-DD,5,,
1679,YYYY-01-DD,3,,
1680,YYYY-01-DD,2,,
1681,YYYY-01-DD,4,,
1682,YYYY-01-DD,3,,
1683,YYYY-01-DD,3,,
1684,YYYY-01-DD,1,,
1685,YYYY-01-DD,0,,
1686,YYYY-01-DD,2,,
1687,YYYY-01-DD,7,,
1688,YYYY-01-DD,1,,
1689,YYYY-01-DD,1,,
1690,YYYY-01-DD,1,,
1691,YYYY-01-DD,0,,
1692,YYYY-01-DD,7,,
1693,YYYY-01-DD,0,,
1694,YYYY-02-DD,1,,
1695,YYYY-02-DD,1,,
1696,YYYY-02-DD,0,,
1697,YYYY-02-DD,6,,
1698,YYYY-02-DD,1,,
1699,YYYY-02-DD,0,,
1700,YYYY-02-DD,5,,
1701,YYYY-02-DD,1,,
1702,YYYY-02-DD,5,,
1703,YYYY-02-DD,3,,
1704,YYYY-02-DD,3,,
1705,YYYY-02-DD,0,,
1706,YYYY-02-DD,1,,
1707,YYYY-02-DD,1,,
1708,YYYY-02-DD,3,,
1709,YYYY-02-DD,1,,
1710,YYYY-02-DD,4,,
1711,YYYY-02-DD,4,,
1712,YYYY-02-DD,5,,
1713,YYYY-02-DD,3,,
1714,YYYY-02-DD,0,,
1715,YYYY-02-DD,6,,
1716,YYYY-02-DD,0,,
1717,YYYY-02-DD,1,,
1718,YYYY-02-DD,10,,
1719,YYYY-02-DD,6,,
1720,YYYY-02-DD,4,,
1721,YYYY-02-DD,7,,
1722,YYYY-03-DD,8,,
1723,YYYY-03-DD,4,,
1724,YYYY-03-DD,6,,
1725,YYYY-03-DD,1,,
1726,YYYY-03-DD,0,,
1727,YYYY-03-DD,2,,
1728,YYYY-03-DD,1,,
1729,YYYY-03-DD,13,,
1730,YYYY-03-DD,2,,
1731,YYYY-03-DD,9,,
1732,YYYY-03-DD,2,,
1733,YYYY-03-DD,11,,
1734,YYYY-03-DD,4,,
1735,YYYY-03-DD,1,,
1736,YYYY-03-DD,1,,
1737,YYYY-03-DD,1,,
1738,YYYY-03-DD,0,,
1739,YYYY-03-DD,1,,
1740,YYYY-03-DD,5,,
1741,YYYY-03-DD,2,,
1742,YYYY-03-DD,0,,
1743,YYYY-03-DD,4,,
1744,YYYY-03-DD,1,,
1745,YYYY-03-DD,0,,
1746,YYYY-03-DD,1,,
1747,YYYY-03-DD,0,,
1748,YYYY-03-DD,1,,
1749,YYYY-03-DD,1,,
1750,YYYY-03-DD,1,,
1751,YYYY-03-DD,2,,
1752,YYYY-03-DD,2,,
1753,YYYY-04-DD,6,,
1754,YYYY-04-DD,0,,
1755,YYYY-04-DD,3,,
1756,YYYY-04-DD,2,,
1757,YYYY-04-DD,4,,
1758,YYYY-04-DD,3,,
1759,YYYY-04-DD,4,,
1760,YYYY-04-DD,5,,
1761,YYYY-04-DD,1,,
1762,YYYY-04-DD,0,,
1763,YYYY-04-DD,2,,
1764,YYYY-04-DD,2,,
1765,YYYY-04-DD,9,,
1766,YYYY-04-DD,2,,
1767,YYYY-04-DD,3,,
1768,YYYY-04-DD,3,,
1769,YYYY-04-DD,3,,
1770,YYYY-04-DD,4,,
1771,YYYY-04-DD,6,,
1772,YYYY-04-DD,3,,
1773,YYYY-04-DD,0,,
1774,YYYY-04-DD,5,,
1775,YYYY-04-DD,0,,
1776,YYYY-04-DD,7,,
1777,YYYY-04-DD,2,,
1778,YYYY-04-DD,1,,
1779,YYYY-04-DD,2,,
1780,YYYY-04-DD,2,,
1781,YYYY-04-DD,7,,
1782,YYYY-04-DD,3,,
1783,YYYY-05-DD,1,,
1784,YYYY-05-DD,7,,
1785,YYYY-05-DD,4,,
1786,YYYY-05-DD,3,,
1787,YYYY-05-DD,1,,
1788,YYYY-05-DD,3,,
1789,YYYY-05-DD,6,,
1790,YYYY-05-DD,2,,
1791,YYYY-05-DD,2,,
1792,YYYY-05-DD,1,,
1793,YYYY-05-DD,4,,
1794,YYYY-05-DD,5,,
1795,YYYY-05-DD,2,,
1796,YYYY-05-DD,6,,
1797,YYYY-05-DD,8,,
1798,YYYY-05-DD,3,,
1799,YYYY-05-DD,1,,
1800,YYYY-05-DD,7,,
1801,YYYY-05-DD,4,,
1802,YYYY-05-DD,4,,
1803,YYYY-05-DD,16,,
1804,YYYY-05-DD,5,,
1805,YYYY-05-DD,5,,
1806,YYYY-05-DD,8,,
1807,YYYY-05-DD,10,,
1808,YYYY-05-DD,3,,
1809,YYYY-05-DD,5,,
1810,YYYY-05-DD,11,,
1811,YYYY-05-DD,2,,
1812,YYYY-05-DD,4,,
1813,YYYY-05-DD,5,,
1814,YYYY-06-DD,6,,
1815,YYYY-06-DD,7,,
1816,YYYY-06-DD,3,,
1817,YYYY-06-DD,1,,
1818,YYYY-06-DD,5,,
1819,YYYY-06-DD,2,,
1820,YYYY-06-DD,6,,
1821,YYYY-06-DD,7,,
1822,YYYY-06-DD,5,,
1823,YYYY-06-DD,4,,
1824,YYYY-06-DD,0,,
1825,YYYY-06-DD,2,,
1826,YYYY-06-DD,13,,
1827,YYYY-06-DD,1,,
1828,YYYY-06-DD,1,,
1829,YYYY-06-DD,0,,
1830,YYYY-06-DD,3,,
1831,YYYY-06-DD,1,,
1832,YYYY-06-DD,2,,
1833,YYYY-06-DD,4,,
1834,YYYY-06-DD,1,,
1835,YYYY-06-DD,4,,
1836,YYYY-06-DD,0,,
1837,YYYY-06-DD,1,,
1838,YYYY-06-DD,2,,
1839,YYYY-06-DD,2,,
1840,YYYY-06-DD,2,,
1841,YYYY-06-DD,1,,
1842,YYYY-06-DD,0,,
1843,YYYY-06-DD,3,,
1844,YYYY-07-DD,3,,
1845,YYYY-07-DD,4,,
1846,YYYY-07-DD,5,,
1847,YYYY-07-DD,3,,
1848,YYYY-07-DD,3,,
1849,YYYY-07-DD,2,,
1850,YYYY-07-DD,3,,
1851,YYYY-07-DD,1,,
1852,YYYY-07-DD,5,,
1853,YYYY-07-DD,2,,
1854,YYYY-07-DD,4,,
1855,YYYY-07-DD,0,,
1856,YYYY-07-DD,0,,
1857,YYYY-07-DD,0,,
1858,YYYY-07-DD,4,,
1859,YYYY-07-DD,2,,
1860,YYYY-07-DD,2,,
1861,YYYY-07-DD,3,,
1862,YYYY-07-DD,1,,
1863,YYYY-07-DD,0,,
1864,YYYY-07-DD,1,,
1865,YYYY-07-DD,1,,
1866,YYYY-07-DD,4,,
1867,YYYY-07-DD,2,,
1868,YYYY-07-DD,5,,
1869,YYYY-07-DD,2,,
1870,YYYY-07-DD,3,,
1871,YYYY-07-DD,1,,
1872,YYYY-07-DD,0,,
1873,YYYY-07-DD,1,,
1874,YYYY-07-DD,1,,
1875,YYYY-08-DD,1,,
1876,YYYY-08-DD,4,,
1877,YYYY-08-DD,6,,
1878,YYYY-08-DD,7,,
1879,YYYY-08-DD,4,,
1880,YYYY-08-DD,10,,
1881,YYYY-08-DD,3,,
1882,YYYY-08-DD,4,,
1883,YYYY-08-DD,6,,
1884,YYYY-08-DD,5,,
1885,YYYY-08-DD,2,,
1886,YYYY-08-DD,1,,
1887,YYYY-08-DD,0,,
1888,YYYY-08-DD,5,,
1889,YYYY-08-DD,2,,
1890,YYYY-08-DD,6,,
1891,YYYY-08-DD,4,,
1892,YYYY-08-DD,0,,
1893,YYYY-08-DD,1,,
1894,YYYY-08-DD,0,,
1895,YYYY-08-DD,2,,
1896,YYYY-08-DD,7,,
1897,YYYY-08-DD,3,,
1898,YYYY-08-DD,9,,
1899,YYYY-08-DD,4,,
1900,YYYY-08-DD,9,,
1901,YYYY-08-DD,7,,
1902,YYYY-08-DD,6,,
1903,YYYY-08-DD,12,,
1904,YYYY-08-DD,12,,
1905,YYYY-08-DD,17,,
1906,YYYY-09-DD,2,,
1907,YYYY-09-DD,8,,
1908,YYYY-09-DD,7,,
1909,YYYY-09-DD,4,,
1910,YYYY-09-DD,7,,
1911,YYYY-09-DD,2,,
1912,YYYY-09-DD,4,,
1913,YYYY-09-DD,6,,
1914,YYYY-09-DD,5,,
1915,YYYY-09-DD,9,,
1916,YYYY-09-DD,19,,
1917,YYYY-09-DD,13,,
1918,YYYY-09-DD,5,,
1919,YYYY-09-DD,2,,
1920,YYYY-09-DD,6,,
1921,YYYY-09-DD,2,,
1922,YYYY-09-DD,5,,
1923,YYYY-09-DD,6,,
1924,YYYY-09-DD,3,,
1925,YYYY-09-DD,7,,
1926,YYYY-09-DD,6,,
1927,YYYY-09-DD,3,,
1928,YYYY-09-DD,0,,
1929,YYYY-09-DD,11,,
1930,YYYY-09-DD,4,,
1931,YYYY-09-DD,5,,
1932,YYYY-09-DD,13,,
1933,YYYY-09-DD,1,,
1934,YYYY-09-DD,2,,
1935,YYYY-09-DD,7,,
1936,YYYY-10-DD,3,,
1937,YYYY-10-DD,5,,
1938,YYYY-10-DD,0,,
1939,YYYY-10-DD,6,,
1940,YYYY-10-DD,1,,
1941,YYYY-10-DD,1,,
1942,YYYY-10-DD,4,,
1943,YYYY-10-DD,2,,
1944,YYYY-10-DD,3,,
1945,YYYY-10-DD,7,,
1946,YYYY-10-DD,11,,
1947,YYYY-10-DD,19,,
1948,YYYY-10-DD,12,,
1949,YYYY-10-DD,10,,
1950,YYYY-10-DD,2,,
1951,YYYY-10-DD,5,,
1952,YYYY-10-DD,12,,
1953,YYYY-10-DD,11,,
1954,YYYY-10-DD,5,,
1955,YYYY-10-DD,7,,
1956,YYYY-10-DD,9,,
1957,YYYY-10-DD,17,,
1958,YYYY-10-DD,5,,
1959,YYYY-10-DD,2,,
1960,YYYY-10-DD,7,,
1961,YYYY-10-DD,0,,
1962,YYYY-10-DD,0,,
1963,YYYY-10-DD,0,,
1964,YYYY-10-DD,3,,
1965,YYYY-10-DD,1,,
1966,YYYY-10-DD,1,,
1967,YYYY-11-DD,10,,
1968,YYYY-11-DD,2,,
1969,YYYY-11-DD,9,,
1970,YYYY-11-DD,0,,
1971,YYYY-11-DD,10,,
1972,YYYY-11-DD,15,,
1973,YYYY-11-DD,2,,
1974,YYYY-11-DD,0,,
1975,YYYY-11-DD,1,,
1976,YYYY-11-DD,10,,
1977,YYYY-11-DD,1,,
1978,YYYY-11-DD,2,,
1979,YYYY-11-DD,4,,
1980,YYYY-11-DD,2,,
1981,YYYY-11-DD,1,,
1982,YYYY-11-DD,1,,
1983,YYYY-11-DD,0,,
1984,YYYY-11-DD,1,,
1985,YYYY-11-DD,1,,
1986,YYYY-11-DD,2,,
1987,YYYY-11-DD,10,,
1988,YYYY-11-DD,1,,
1989,YYYY-11-DD,4,,
1990,YYYY-11-DD,0,,
1991,YYYY-11-DD,2,,
1992,YYYY-11-DD,3,,
1993,YYYY-11-DD,0,,
1994,YYYY-11-DD,12,,
1995,YYYY-11-DD,4,,
1996,YYYY-11-DD,2,,
1997,YYYY-12-DD,16,,
1998,YYYY-12-DD,5,,
1999,YYYY-12-DD,23,,
2000,YYYY-12-DD,9,,
2001,YYYY-12-DD,11,,
2002,YYYY-12-DD,8,,
2003,YYYY-12-DD,2,,
2004,YYYY-12-DD,8,,
2005,YYYY-12-DD,9,,
2006,YYYY-12-DD,0,,
2007,YYYY-12-DD,6,,
2008,YYYY-12-DD,4,,
2009,YYYY-12-DD,0,,
2010,YYYY-12-DD,20,,
2011,YYYY-12-DD,4,,
2012,YYYY-12-DD,2,,
2013,YYYY-12-DD,0,,
2014,YYYY-12-DD,0,,
2015,YYYY-12-DD,0,,
2016,YYYY-12-DD,9,,
2017,YYYY-12-DD,9,,
2018,YYYY-12-DD,5,,
2019,YYYY-12-DD,1,,
2020,YYYY-12-DD,7,,
2021,YYYY-12-DD,10,,
2022,YYYY-12-DD,1,,
2023,YYYY-12-DD,0,,
2024,YYYY-12-DD,10,,
2025,YYYY-12-DD,6,,
2026,YYYY-12-DD,18,,
2027,YYYY-12-DD,6,,
2028,YYYY-01-DD,2,,
2029,YYYY-01-DD,0,,
2030,YYYY-01-DD,1,,
2031,YYYY-01-DD,7,,
2032,YYYY-01-DD,6,,
2033,YYYY-01-DD,3,,
2034,YYYY-01-DD,3,,
2035,YYYY-01-DD,3,,
2036,YYYY-01-DD,4,,
2037,YYYY-01-DD,2,,
2038,YYYY-01-DD,3,,
2039,YYYY-01-DD,3,,
2040,YYYY-01-DD,4,,
2041,YYYY-01-DD,3,,
2042,YYYY-01-DD,14,,
2043,YYYY-01-DD,3,,
2044,YYYY-01-DD,4,,
2045,YYYY-01-DD,6,,
2046,YYYY-01-DD,8,,
2047,YYYY-01-DD,2,,
2048,YYYY-01-DD,2,,
2049,YYYY-01-DD,2,,
2050,YYYY-01-DD,7,,
2051,YYYY-01-DD,6,,
2052,YYYY-01-DD,2,,
2053,YYYY-01-DD,3,,
2054,YYYY-01-DD,1,,
2055,YYYY-01-DD,5,,
2056,YYYY-01-DD,1,,
2057,YYYY-01-DD,18,,
2058,YYYY-01-DD,2,,
2059,YYYY-02-DD,2,,
2060,YYYY-02-DD,8,,
2061,YYYY-02-DD,10,,
2062,YYYY-02-DD,3,,
2063,YYYY-02-DD,4,,
2064,YYYY-02-DD,4,,
2065,YYYY-02-DD,0,,
2066,YYYY-02-DD,1,,
2067,YYYY-02-DD,12,,
2068,YYYY-02-DD,2,,
2069,YYYY-02-DD,21,,
2070,YYYY-02-DD,1,,
2071,YYYY-02-DD,9,,
2072,YYYY-02-DD,7,,
2073,YYYY-02-DD,7,,
2074,YYYY-02-DD,2,,
2075,YYYY-02-DD,11,,
2076,YYYY-02-DD,9,,
2077,YYYY-02-DD,1,,
2078,YYYY-02-DD,3,,
2079,YYYY-02-DD,4,,
2080,YYYY-02-DD,4,,
2081,YYYY-02-DD,0,,
2082,YYYY-02-DD,7,,
2083,YYYY-02-DD,4,,
2084,YYYY-02-DD,9,,
2085,YYYY-02-DD,5,,
2086,YYYY-02-DD,2,,
2087,YYYY-03-DD,3,,
2088,YYYY-03-DD,3,,
2089,YYYY-03-DD,4,,
2090,YYYY-03-DD,2,,
2091,YYYY-03-DD,5,,
2092,YYYY-03-DD,0,,
2093,YYYY-03-DD,5,,
2094,YYYY-03-DD,9,,
2095,YYYY-03-DD,9,,
2096,YYYY-03-DD,1,,
2097,YYYY-03-DD,2,,
2098,YYYY-03-DD,1,,
2099,YYYY-03-DD,0,,
2100,YYYY-03-DD,9,,
2101,YYYY-03-DD,4,,
2102,YYYY-03-DD,3,,
2103,YYYY-03-DD,2,,
2104,YYYY-03-DD,8,,
2105,YYYY-03-DD,12,,
2106,YYYY-03-DD,5,,
2107,YYYY-03-DD,9,,
2108,YYYY-03-DD,3,,
2109,YYYY-03-DD,12,,
2110,YYYY-03-DD,6,,
2111,YYYY-03-DD,0,,
2112,YYYY-03-DD,4,,
2113,YYYY-03-DD,4,,
2114,YYYY-03-DD,4,,
2115,YYYY-03-DD,3,,
2116,YYYY-03-DD,0,,
2117,YYYY-03-DD,0,,
2118,YYYY-04-DD,13,,
2119,YYYY-04-DD,1,,
2120,YYYY-04-DD,5,,
2121,YYYY-04-DD,5,,
2122,YYYY-04-DD,0,,
2123,YYYY-04-DD,1,,
2124,YYYY-04-DD,10,,
2125,YYYY-04-DD,4,,
2126,YYYY-04-DD,12,,
2127,YYYY-04-DD,12,,
2128,YYYY-04-DD,20,,
2129,YYYY-04-DD,18,,
2130,YYYY-04-DD,7,,
2131,YYYY-04-DD,19,,
2132,YYYY-04-DD,7,,
2133,YYYY-04-DD,1,,
2134,YYYY-04-DD,7,,
2135,YYYY-04-DD,10,,
2136,YYYY-04-DD,20,,
2137,YYYY-04-DD,16,,
2138,YYYY-04-DD,0,,
2139,YYYY-04-DD,7,,
2140,YYYY-04-DD,0,,
2141,YYYY-04-DD,8,,
2142,YYYY-04-DD,11,,
2143,YYYY-04-DD,15,,
2144,YYYY-04-DD,5,,
2145,YYYY-04-DD,10,,
2146,YYYY-04-DD,10,,
2147,YYYY-04-DD,10,,
2148,YYYY-05-DD,8,,
2149,YYYY-05-DD,27,,
2150,YYYY-05-DD,15,,
2151,YYYY-05-DD,8,,
2152,YYYY-05-DD,5,,
2153,YYYY-05-DD,8,,
2154,YYYY-05-DD,20,,
2155,YYYY-05-DD,12,,
2156,YYYY-05-DD,2,,
2157,YYYY-05-DD,14,,
2158,YYYY-05-DD,10,,
2159,YYYY-05-DD,18,,
2160,YYYY-05-DD,10,,
2161,YYYY-05-DD,8,,
2162,YYYY-05-DD,5,,
2163,YYYY-05-DD,9,,
2164,YYYY-05-DD,16,,
2165,YYYY-05-DD,8,,
2166,YYYY-05-DD,9,,
2167,YYYY-05-DD,7,,
2168,YYYY-05-DD,2,,
2169,YYYY-05-DD,11,,
2170,YYYY-05-DD,7,,
2171,YYYY-05-DD,4,,
2172,YYYY-05-DD,5,,
2173,YYYY-05-DD,12,,
2174,YYYY-05-DD,23,,
2175,YYYY-05-DD,2,,
2176,YYYY-05-DD,3,,
2177,YYYY-05-DD,10,,
2178,YYYY-05-DD,12,,
2179,YYYY-06-DD,15,,
2180,YYYY-06-DD,7,,
2181,YYYY-06-DD,5,,
2182,YYYY-06-DD,5,,
2183,YYYY-06-DD,2,,
2184,YYYY-06-DD,12,,
2185,YYYY-06-DD,12,,
2186,YYYY-06-DD,10,,
2187,YYYY-06-DD,15,,
2188,YYYY-06-DD,7,,
2189,YYYY-06-DD,1,,
2190,YYYY-06-DD,15,,
2191,YYYY-06-DD,13,,
2192,YYYY-06-DD,8,,
2193,YYYY-06-DD,8,,
2194,YYYY-06-DD,2,,
2195,YYYY-06-DD,0,,
2196,YYYY-06-DD,1,,
2197,YYYY-06-DD,0,,
2198,YYYY-06-DD,3,,
2199,YYYY-06-DD,16,,
2200,YYYY-06-DD,6,,
2201,YYYY-06-DD,12,,
2202,YYYY-06-DD,0,,
2203,YYYY-06-DD,8,,
2204,YYYY-06-DD,1,,
2205,YYYY-06-DD,2,,
2206,YYYY-06-DD,2,,
2207,YYYY-06-DD,10,,
2208,YYYY-06-DD,1,,
2209,YYYY-07-DD,0,,
2210,YYYY-07-DD,0,,
2211,YYYY-07-DD,1,,
2212,YYYY-07-DD,6,,
2213,YYYY-07-DD,1,,
2214,YYYY-07-DD,5,,
2215,YYYY-07-DD,11,,
2216,YYYY-07-DD,2,,
2217,YYYY-07-DD,5,,
2218,YYYY-07-DD,2,,
2219,YYYY-07-DD,13,,
2220,YYYY-07-DD,1,,
2221,YYYY-07-DD,10,,
2222,YYYY-07-DD,7,,
2223,YYYY-07-DD,0,,
2224,YYYY-07-DD,6,,
2225,YYYY-07-DD,5,,
2226,YYYY-07-DD,0,,
2227,YYYY-07-DD,1,,
2228,YYYY-07-DD,4,,
2229,YYYY-07-DD,0,,
2230,YYYY-07-DD,4,,
2231,YYYY-07-DD,4,,